insert into user (user_id, address, contact_number, first_name, last_name, other_info, password, pesel, sex_id, username) values (1, '8001 fulton avenue', '388-816-3720', 'mariel', 'elener', 'grow front-end web-readiness', 'vgadd6pjeo1f', '6551585264', 0, 'melener0');
insert into user (user_id, address, contact_number, first_name, last_name, other_info, password, pesel, sex_id, username) values (2, '47 northfield park', '987-670-5603', 'shandra', 'ellsworthe', 'drive end-to-end infomediaries', 'mwb81xfyvue', '1472311477', 1, 'sellsworthe1');
insert into user (user_id, address, contact_number, first_name, last_name, other_info, password, pesel, sex_id, username) values (3, '4 park meadow terrace', '931-935-4072', 'corey', 'diaper', 'maximize end-to-end niches', 'lbpwyd', '8050005372', 1, 'cdiaper2');
insert into user (user_id, address, contact_number, first_name, last_name, other_info, password, pesel, sex_id, username) values (4, '7 thierer street', '445-608-4066', 'solly', 'camacke', 'implement collaborative niches', 'uoszhrr', '2683387148', 1, 'scamacke3');
insert into user (user_id, address, contact_number, first_name, last_name, other_info, password, pesel, sex_id, username) values (5, '107 dakota park', '320-378-6780', 'rosanne', 'sweett', 'streamline wireless methodologies', 'hhoive', '1039435998', 1, 'rsweett4');
insert into user (user_id, address, contact_number, first_name, last_name, other_info, password, pesel, sex_id, username) values (6, '927 surrey street', '844-237-8554', 'will', 'ovid', null, '4a4hjgheycb', '3788405481', 0, 'wovid5');
insert into user (user_id, address, contact_number, first_name, last_name, other_info, password, pesel, sex_id, username) values (7, '71677 red cloud court', '260-648-0840', 'carlie', 'leathem', 'innovate distributed portals', 'h1mnqfcfowr', '7210746277', 1, 'cleathem6');
insert into user (user_id, address, contact_number, first_name, last_name, other_info, password, pesel, sex_id, username) values (8, '70 hauk terrace', '139-700-4918', 'tabitha', 'mutch', 'grow value-added e-markets', 'm9vsygyblc', '5615888237', 1, 'tmutch7');
insert into user (user_id, address, contact_number, first_name, last_name, other_info, password, pesel, sex_id, username) values (9, '76 linden trail', '122-995-7212', 'etan', 'kubal', 'evolve granular metrics', 'xy0tk3uqk2c', '6593698881', 0, 'ekubal8');
insert into user (user_id, address, contact_number, first_name, last_name, other_info, password, pesel, sex_id, username) values (10, '932 northfield court', '214-712-6530', 'bethena', 'westnedge', 'transition open-source methodologies', '9l1cac6nqbc', '8073669625', 1, 'bwestnedge9');
insert into user (user_id, address, contact_number, first_name, last_name, other_info, password, pesel, sex_id, username) values (11, '39468 browning court', '402-669-7693', 'maximilianus', 'north', null, 'yupsom', '1206200979', 1, 'mnortha');
insert into user (user_id, address, contact_number, first_name, last_name, other_info, password, pesel, sex_id, username) values (12, '08818 prairie rose circle', '377-603-4596', 'brit', 'ettles', 'architect sticky paradigms', 'pbo7rk0jh9', '6404274418', 1, 'bettlesb');
insert into user (user_id, address, contact_number, first_name, last_name, other_info, password, pesel, sex_id, username) values (13, '315 chive circle', '275-108-0684', 'ryun', 'salandino', 'maximize innovative channels', 'hsdn4hl3ggnn', '9195387463', 1, 'rsalandinoc');
insert into user (user_id, address, contact_number, first_name, last_name, other_info, password, pesel, sex_id, username) values (14, '73522 heath park', '796-347-1502', 'collette', 'bontine', 'unleash back-end models', '4fbqacryb', '6895949860', 1, 'cbontined');
insert into user (user_id, address, contact_number, first_name, last_name, other_info, password, pesel, sex_id, username) values (15, '137 mosinee hill', '872-731-0030', 'tris', 'newham', 'disintermediate distributed applications', 'tteq55cwtn1n', '5407565587', 1, 'tnewhame');
insert into user (user_id, address, contact_number, first_name, last_name, other_info, password, pesel, sex_id, username) values (16, '27 summer ridge center', '712-804-9374', 'stace', 'bahls', 'reintermediate enterprise networks', 'lmrlbpcfr', '7170877015', 1, 'sbahlsf');
insert into user (user_id, address, contact_number, first_name, last_name, other_info, password, pesel, sex_id, username) values (17, '5612 havey junction', '485-794-3571', 'raynor', 'ackroyd', 'aggregate extensible schemas', 'bmz6ypm', '7365370416', 1, 'rackroydg');
insert into user (user_id, address, contact_number, first_name, last_name, other_info, password, pesel, sex_id, username) values (18, '03301 mcguire trail', '260-561-9237', 'jaime', 'penlington', 'whiteboard killer e-tailers', 'knejqzilmuu', '8393824915', 1, 'jpenlingtonh');
insert into user (user_id, address, contact_number, first_name, last_name, other_info, password, pesel, sex_id, username) values (19, '51 debra road', '779-931-8803', 'roxanne', 'lazarus', 'unleash world-class niches', 'yuprd2t', '8638820720', 1, 'rlazarusi');
insert into user (user_id, address, contact_number, first_name, last_name, other_info, password, pesel, sex_id, username) values (20, '4 bartillon circle', '495-835-0771', 'arvy', 'weerdenburg', 'synergize dynamic experiences', 'xmhvnle4hia', '6877642457', 0, 'aweerdenburgj');

insert into employee (employee_id, user_id, role_id) values (1, 1, 0);
insert into employee (employee_id, user_id, role_id) values (2, 2, 0);
insert into employee (employee_id, user_id, role_id) values (3, 3, 0);
insert into employee (employee_id, user_id, role_id) values (4, 4, 1);
insert into employee (employee_id, user_id, role_id) values (5, 6, 2);

insert into visit (visit_id, patient_id, employee_id, scheduled_date, visit_state, payment_status, estimated_duration, starting_time) values (1, 20, 2, '2019-03-29', 1, 0, 25, '11:31');
insert into visit (visit_id, patient_id, employee_id, scheduled_date, visit_state, payment_status, estimated_duration, starting_time) values (2, 8, 1, '2018-12-24', 3, 1, 39, '8:25');
insert into visit (visit_id, patient_id, employee_id, scheduled_date, visit_state, payment_status, estimated_duration, starting_time) values (3, 13, 3, '2020-04-27', 3, 1, 29, '14:25');
insert into visit (visit_id, patient_id, employee_id, scheduled_date, visit_state, payment_status, estimated_duration, starting_time) values (4, 7, 2, '2018-08-13', 1, 2, 38, '9:01');
insert into visit (visit_id, patient_id, employee_id, scheduled_date, visit_state, payment_status, estimated_duration, starting_time) values (5, 3, 1, '2020-07-26', 0, 1, 15, '17:42');
insert into visit (visit_id, patient_id, employee_id, scheduled_date, visit_state, payment_status, estimated_duration, starting_time) values (6, 11, 1, '2018-06-21', 0, 2, 20, '12:27');
insert into visit (visit_id, patient_id, employee_id, scheduled_date, visit_state, payment_status, estimated_duration, starting_time) values (7, 5, 2, '2020-01-19', 1, 1, 29, '15:34');
insert into visit (visit_id, patient_id, employee_id, scheduled_date, visit_state, payment_status, estimated_duration, starting_time) values (8, 14, 2, '2020-05-29', 2, 1, 31, '12:18');
insert into visit (visit_id, patient_id, employee_id, scheduled_date, visit_state, payment_status, estimated_duration, starting_time) values (9, 18, 3, '2019-12-13', 3, 1, 29, '8:29');
insert into visit (visit_id, patient_id, employee_id, scheduled_date, visit_state, payment_status, estimated_duration, starting_time) values (10, 19, 2, '2020-06-23', 2, 1, 32, '13:31');
insert into visit (visit_id, patient_id, employee_id, scheduled_date, visit_state, payment_status, estimated_duration, starting_time) values (11, 19, 1, '2019-05-07', 0, 1, 38, '17:46');
insert into visit (visit_id, patient_id, employee_id, scheduled_date, visit_state, payment_status, estimated_duration, starting_time) values (12, 20, 3, '2018-07-24', 2, 1, 41, '16:55');
insert into visit (visit_id, patient_id, employee_id, scheduled_date, visit_state, payment_status, estimated_duration, starting_time) values (13, 1, 3, '2019-09-19', 1, 1, 45, '8:37');
insert into visit (visit_id, patient_id, employee_id, scheduled_date, visit_state, payment_status, estimated_duration, starting_time) values (14, 10, 3, '2020-01-01', 3, 0, 25, '13:06');
insert into visit (visit_id, patient_id, employee_id, scheduled_date, visit_state, payment_status, estimated_duration, starting_time) values (15, 16, 1, '2018-03-22', 2, 2, 41, '12:14');
insert into visit (visit_id, patient_id, employee_id, scheduled_date, visit_state, payment_status, estimated_duration, starting_time) values (16, 20, 1, '2019-10-05', 3, 2, 23, '12:46');
insert into visit (visit_id, patient_id, employee_id, scheduled_date, visit_state, payment_status, estimated_duration, starting_time) values (17, 18, 3, '2020-06-24', 2, 2, 23, '17:34');
insert into visit (visit_id, patient_id, employee_id, scheduled_date, visit_state, payment_status, estimated_duration, starting_time) values (18, 20, 1, '2019-06-21', 3, 1, 42, '17:59');
insert into visit (visit_id, patient_id, employee_id, scheduled_date, visit_state, payment_status, estimated_duration, starting_time) values (19, 4, 1, '2020-09-26', 2, 1, 24, '17:27');
insert into visit (visit_id, patient_id, employee_id, scheduled_date, visit_state, payment_status, estimated_duration, starting_time) values (20, 12, 1, '2018-08-31', 1, 2, 35, '13:04');
insert into visit (visit_id, patient_id, employee_id, scheduled_date, visit_state, payment_status, estimated_duration, starting_time) values (21, 14, 1, '2020-06-09', 3, 2, 29, '15:18');
insert into visit (visit_id, patient_id, employee_id, scheduled_date, visit_state, payment_status, estimated_duration, starting_time) values (22, 17, 3, '2018-10-14', 3, 1, 42, '17:01');
insert into visit (visit_id, patient_id, employee_id, scheduled_date, visit_state, payment_status, estimated_duration, starting_time) values (23, 20, 2, '2018-10-11', 2, 2, 34, '10:01');
insert into visit (visit_id, patient_id, employee_id, scheduled_date, visit_state, payment_status, estimated_duration, starting_time) values (24, 15, 1, '2020-09-10', 3, 2, 25, '10:02');
insert into visit (visit_id, patient_id, employee_id, scheduled_date, visit_state, payment_status, estimated_duration, starting_time) values (25, 6, 3, '2018-12-30', 3, 0, 28, '13:24');
insert into visit (visit_id, patient_id, employee_id, scheduled_date, visit_state, payment_status, estimated_duration, starting_time) values (26, 6, 1, '2018-04-18', 1, 0, 26, '16:42');
insert into visit (visit_id, patient_id, employee_id, scheduled_date, visit_state, payment_status, estimated_duration, starting_time) values (27, 7, 3, '2019-08-12', 3, 0, 18, '14:03');
insert into visit (visit_id, patient_id, employee_id, scheduled_date, visit_state, payment_status, estimated_duration, starting_time) values (28, 9, 1, '2020-11-06', 3, 2, 24, '11:55');
insert into visit (visit_id, patient_id, employee_id, scheduled_date, visit_state, payment_status, estimated_duration, starting_time) values (29, 17, 3, '2018-11-28', 0, 0, 44, '16:36');
insert into visit (visit_id, patient_id, employee_id, scheduled_date, visit_state, payment_status, estimated_duration, starting_time) values (30, 5, 3, '2020-01-02', 1, 1, 20, '9:37');
insert into visit (visit_id, patient_id, employee_id, scheduled_date, visit_state, payment_status, estimated_duration, starting_time) values (31, 16, 2, '2018-03-01', 3, 0, 39, '11:32');
insert into visit (visit_id, patient_id, employee_id, scheduled_date, visit_state, payment_status, estimated_duration, starting_time) values (32, 8, 2, '2020-10-27', 1, 1, 42, '17:26');
insert into visit (visit_id, patient_id, employee_id, scheduled_date, visit_state, payment_status, estimated_duration, starting_time) values (33, 6, 3, '2018-08-17', 3, 0, 28, '12:10');


insert into document (document_id, document_type_id, visit_id, document_data) values (1, 2, 5, 'eget eros elementum pellentesque quisque porta volutpat erat quisque erat eros viverra eget congue eget semper rutrum nulla nunc purus phasellus in felis');
insert into document (document_id, document_type_id, visit_id, document_data) values (2, 3, 2, 'sit amet turpis elementum ligula vehicula consequat morbi a ipsum integer a nibh in quis justo maecenas rhoncus aliquam lacus morbi quis tortor id nulla ultrices aliquet maecenas');
insert into document (document_id, document_type_id, visit_id, document_data) values (3, 1, 20, 'vitae ipsum aliquam non mauris');
insert into document (document_id, document_type_id, visit_id, document_data) values (4, 2, 10, 'non pretium quis lectus suspendisse potenti in eleifend quam a odio in hac habitasse platea dictumst maecenas ut massa quis augue luctus tincidunt nulla mollis molestie lorem quisque ut');
insert into document (document_id, document_type_id, visit_id, document_data) values (5, 0, 29, 'rutrum neque aenean auctor gravida sem praesent id massa id nisl venenatis lacinia aenean sit amet justo morbi ut odio');
insert into document (document_id, document_type_id, visit_id, document_data) values (6, 2, 18, 'risus dapibus augue vel accumsan');
insert into document (document_id, document_type_id, visit_id, document_data) values (7, 0, 20, 'sagittis sapien cum sociis natoque penatibus et magnis dis parturient montes');
insert into document (document_id, document_type_id, visit_id, document_data) values (8, 2, 16, 'mus vivamus vestibulum sagittis sapien cum sociis');
insert into document (document_id, document_type_id, visit_id, document_data) values (9, 2, 3, 'sed augue aliquam erat volutpat in congue etiam justo etiam pretium iaculis justo in hac habitasse');
insert into document (document_id, document_type_id, visit_id, document_data) values (10, 2, 27, 'a ipsum integer a nibh in quis justo maecenas rhoncus aliquam lacus morbi quis tortor id');
insert into document (document_id, document_type_id, visit_id, document_data) values (11, 0, 8, 'convallis eget eleifend luctus ultricies eu nibh quisque id justo sit amet sapien dignissim vestibulum vestibulum ante ipsum');
insert into document (document_id, document_type_id, visit_id, document_data) values (12, 1, 19, 'sapien cum sociis natoque penatibus et magnis dis parturient');
insert into document (document_id, document_type_id, visit_id, document_data) values (13, 2, 27, 'est et tempus semper est quam pharetra magna ac consequat metus sapien ut');
insert into document (document_id, document_type_id, visit_id, document_data) values (14, 2, 6, 'interdum venenatis turpis enim blandit');
insert into document (document_id, document_type_id, visit_id, document_data) values (15, 1, 26, 'in hac habitasse platea dictumst aliquam augue quam sollicitudin vitae consectetuer eget rutrum at lorem integer tincidunt ante vel ipsum praesent blandit lacinia erat vestibulum sed magna at nunc commodo');
insert into document (document_id, document_type_id, visit_id, document_data) values (16, 3, 27, 'diam id ornare imperdiet sapien urna pretium nisl ut volutpat sapien arcu sed augue aliquam erat volutpat');
insert into document (document_id, document_type_id, visit_id, document_data) values (17, 1, 18, 'eget vulputate ut ultrices vel augue vestibulum ante ipsum primis in faucibus orci luctus et ultrices posuere cubilia curae donec');
insert into document (document_id, document_type_id, visit_id, document_data) values (18, 0, 7, 'ac enim in tempor turpis nec euismod scelerisque quam turpis adipiscing lorem');
insert into document (document_id, document_type_id, visit_id, document_data) values (19, 0, 19, 'eu mi nulla ac enim in tempor turpis nec euismod scelerisque quam turpis adipiscing lorem vitae mattis nibh ligula nec sem duis aliquam convallis nunc proin at turpis a pede');
insert into document (document_id, document_type_id, visit_id, document_data) values (20, 0, 8, 'massa id nisl venenatis lacinia aenean sit amet justo morbi ut odio cras mi pede malesuada in imperdiet et commodo');
insert into document (document_id, document_type_id, visit_id, document_data) values (21, 1, 18, 'tellus semper interdum mauris ullamcorper purus sit amet nulla quisque arcu libero rutrum ac lobortis');
insert into document (document_id, document_type_id, visit_id, document_data) values (22, 1, 25, 'molestie hendrerit at vulputate vitae nisl aenean lectus pellentesque eget nunc donec quis orci eget orci vehicula');
insert into document (document_id, document_type_id, visit_id, document_data) values (23, 1, 6, 'sed nisl nunc rhoncus dui vel sem sed sagittis nam congue risus semper porta volutpat quam pede lobortis ligula sit amet eleifend pede libero quis orci nullam molestie nibh');
insert into document (document_id, document_type_id, visit_id, document_data) values (24, 0, 12, 'dui nec nisi volutpat eleifend donec ut dolor morbi vel lectus in quam');
insert into document (document_id, document_type_id, visit_id, document_data) values (25, 1, 2, 'integer aliquet massa id lobortis convallis tortor risus dapibus augue vel accumsan tellus nisi eu orci mauris lacinia sapien quis libero nullam sit');
insert into document (document_id, document_type_id, visit_id, document_data) values (26, 1, 5, 'sem fusce consequat nulla nisl nunc nisl duis bibendum felis sed interdum venenatis turpis enim');
insert into document (document_id, document_type_id, visit_id, document_data) values (27, 1, 26, 'duis ac nibh fusce lacus purus aliquet at feugiat non pretium quis lectus suspendisse potenti in');
insert into document (document_id, document_type_id, visit_id, document_data) values (28, 1, 5, 'aenean lectus pellentesque eget nunc donec quis orci eget orci vehicula condimentum curabitur in libero ut massa volutpat convallis morbi odio odio elementum eu interdum eu');
insert into document (document_id, document_type_id, visit_id, document_data) values (29, 0, 11, 'eget congue eget semper rutrum nulla nunc purus phasellus in felis donec semper sapien');
insert into document (document_id, document_type_id, visit_id, document_data) values (30, 2, 19, 'mattis pulvinar nulla pede ullamcorper augue a suscipit nulla elit ac');
insert into document (document_id, document_type_id, visit_id, document_data) values (31, 3, 17, 'in porttitor pede justo eu massa donec dapibus duis at velit eu est congue elementum in hac habitasse platea dictumst morbi vestibulum velit id pretium iaculis diam');
insert into document (document_id, document_type_id, visit_id, document_data) values (32, 2, 29, 'in blandit ultrices enim lorem ipsum dolor');
insert into document (document_id, document_type_id, visit_id, document_data) values (33, 2, 19, 'vitae consectetuer eget rutrum at lorem integer tincidunt ante vel ipsum praesent blandit lacinia');
insert into document (document_id, document_type_id, visit_id, document_data) values (34, 0, 12, 'justo in hac habitasse platea dictumst etiam faucibus cursus urna ut tellus nulla ut erat id mauris vulputate elementum nullam varius nulla facilisi cras non velit nec nisi vulputate nonummy');
insert into document (document_id, document_type_id, visit_id, document_data) values (35, 2, 18, 'ipsum primis in faucibus orci luctus et ultrices posuere cubilia curae nulla dapibus dolor vel');
insert into document (document_id, document_type_id, visit_id, document_data) values (36, 2, 26, 'proin risus praesent lectus vestibulum quam sapien varius ut blandit non interdum in ante vestibulum ante ipsum primis in faucibus orci luctus et');
insert into document (document_id, document_type_id, visit_id, document_data) values (37, 2, 17, 'venenatis tristique fusce congue diam id ornare imperdiet sapien urna pretium nisl ut volutpat sapien');
insert into document (document_id, document_type_id, visit_id, document_data) values (38, 2, 18, 'ante vivamus tortor duis mattis egestas metus aenean fermentum donec ut mauris eget massa tempor convallis nulla neque');
insert into document (document_id, document_type_id, visit_id, document_data) values (39, 2, 31, 'dui vel sem sed sagittis metus  massa tempor convallis nulla neque');
